sample,lineage,spoligotype,lin_level_1,lin_level_2,lin_level_3,lin_level_4,lin_level_5,max_lin
ERR3275518,La1,1.10E+42,La,La1,La1,La1,La1,La1
ERR2517357,La1,1.10E+42,La,La1,La1,La1,La1,La1
ERR2517151,La1,1.10E+42,La,La1,La1,La1,La1,La1
ERR2446240,La1,1.10E+42,La,La1,La1,La1,La1,La1
ERR2446525,La1,1.10E+42,La,La1,La1,La1,La1,La1
ERR161044,La1.1,1.01E+41,La,La1,La1.1,La1.1,La1.1,La1.1
ERR181980,La1.1,1.01E+41,La,La1,La1.1,La1.1,La1.1,La1.1
ERR212091,La1.1,1.01E+41,La,La1,La1.1,La1.1,La1.1,La1.1
ERR3275629,La1.2,1.10E+42,La,La1,La1.2,La1.2,La1.2,La1.2
ERR3276206,La1.2,1.10E+42,La,La1,La1.2,La1.2,La1.2,La1.2
ERR3275839,La1.2,1.10E+42,La,La1,La1.2,La1.2,La1.2,La1.2
ERR552472,La1.2,1.10E+42,La,La1,La1.2,La1.2,La1.2,La1.2
ERR2515036,La1.2,1.10E+42,La,La1,La1.2,La1.2,La1.2,La1.2
ERR2516189,La1.2,1.10E+42,La,La1,La1.2,La1.2,La1.2,La1.2
ERR2516252,La1.2,1.10E+42,La,La1,La1.2,La1.2,La1.2,La1.2
ERR2517368,La1.2,1.10E+42,La,La1,La1.2,La1.2,La1.2,La1.2
ERR2446502,La1.2,1.10E+42,La,La1,La1.2,La1.2,La1.2,La1.2
ERR551427,La1.2.BCG,1.10E+42,La,La1,La1.2,La1.2.BCG,La1.2.BCG,La1.2.BCG
SRR3675257,La1.2.BCG,1.10E+42,La,La1,La1.2,La1.2.BCG,La1.2.BCG,La1.2.BCG
SRR1735643,La1.2.BCG,1.10E+42,La,La1,La1.2,La1.2.BCG,La1.2.BCG,La1.2.BCG
SRR1735661,La1.2.BCG,1.10E+42,La,La1,La1.2,La1.2.BCG,La1.2.BCG,La1.2.BCG
SRR1735681,La1.2.BCG,1.10E+42,La,La1,La1.2,La1.2.BCG,La1.2.BCG,La1.2.BCG
SRR1735703,La1.2.BCG,1.10E+42,La,La1,La1.2,La1.2.BCG,La1.2.BCG,La1.2.BCG
SRR1735706,La1.2.BCG,1.10E+42,La,La1,La1.2,La1.2.BCG,La1.2.BCG,La1.2.BCG
SRR1735707,La1.2.BCG,1.00E+42,La,La1,La1.2,La1.2.BCG,La1.2.BCG,La1.2.BCG
ERR2512549,La1.2.BCG,1.10E+42,La,La1,La1.2,La1.2.BCG,La1.2.BCG,La1.2.BCG
ERR2516191,La1.2.BCG,1.10E+42,La,La1,La1.2,La1.2.BCG,La1.2.BCG,La1.2.BCG
ERR2516215,La1.2.BCG,1.10E+42,La,La1,La1.2,La1.2.BCG,La1.2.BCG,La1.2.BCG
ERR2516307,La1.2.BCG,1.10E+42,La,La1,La1.2,La1.2.BCG,La1.2.BCG,La1.2.BCG
ERR2516311,La1.2.BCG,1.10E+42,La,La1,La1.2,La1.2.BCG,La1.2.BCG,La1.2.BCG
ERR2516376,La1.2.BCG,1.10E+42,La,La1,La1.2,La1.2.BCG,La1.2.BCG,La1.2.BCG
ERR2517179,La1.2.BCG,1.10E+42,La,La1,La1.2,La1.2.BCG,La1.2.BCG,La1.2.BCG
ERR2517495,La1.2.BCG,1.10E+42,La,La1,La1.2,La1.2.BCG,La1.2.BCG,La1.2.BCG
ERR2517166,La1.2.BCG,1.10E+42,La,La1,La1.2,La1.2.BCG,La1.2.BCG,La1.2.BCG
ERR1034667,La1.2.BCG,1.10E+42,La,La1,La1.2,La1.2.BCG,La1.2.BCG,La1.2.BCG
ERR1035141,La1.2.BCG,1.10E+42,La,La1,La1.2,La1.2.BCG,La1.2.BCG,La1.2.BCG
ERR161048,La1.2.BCG,1.10E+42,La,La1,La1.2,La1.2.BCG,La1.2.BCG,La1.2.BCG
ERR212052,La1.2.BCG,1.10E+42,La,La1,La1.2,La1.2.BCG,La1.2.BCG,La1.2.BCG
SAMN02414848,La1.2.BCG,1.10E+42,La,La1,La1.2,La1.2.BCG,La1.2.BCG,La1.2.BCG
ERR3276190,La1.3,1.10E+42,La,La1,La1.3,La1.3,La1.3,La1.3
ERR3276011,La1.3,1.10E+42,La,La1,La1.3,La1.3,La1.3,La1.3
ERR1200622,La1.3,1.10E+42,La,La1,La1.3,La1.3,La1.3,La1.3
ERR551252,La1.4,1.10E+42,La,La1,La1.4,La1.4,La1.4,La1.4
ERR3275354,La1.4,1.10E+42,La,La1,La1.4,La1.4,La1.4,La1.4
ERR3275788,La1.4,1.10E+42,La,La1,La1.4,La1.4,La1.4,La1.4
ERR2199785,La1.4,1.10E+42,La,La1,La1.4,La1.4,La1.4,La1.4
ERR2200072,La1.4,1.00E+42,La,La1,La1.4,La1.4,La1.4,La1.4
ERR2517425,La1.4,1.10E+42,La,La1,La1.4,La1.4,La1.4,La1.4
ERR2446400,La1.4,1.10E+42,La,La1,La1.4,La1.4,La1.4,La1.4
ERR229952,La1.4,1.00E+42,La,La1,La1.4,La1.4,La1.4,La1.4
ERR553061,La1.6,1.10E+42,La,La1,La1.6,La1.6,La1.6,La1.6
ERR2512495,La1.6,1.10E+42,La,La1,La1.6,La1.6,La1.6,La1.6
ERR2515016,La1.6,1.10E+42,La,La1,La1.6,La1.6,La1.6,La1.6
SAMEA2533589,La1.7.1,1.10E+42,La,La1,La1.7,La1.7.1,La1.7.1,La1.7.1
SAMEA2533908,La1.7.1,1.10E+42,La,La1,La1.7,La1.7.1,La1.7.1,La1.7.1
ERR3275346,La1.7.1,1.10E+42,La,La1,La1.7,La1.7.1,La1.7.1,La1.7.1
ERR3276244,La1.7.1,1.10E+42,La,La1,La1.7,La1.7.1,La1.7.1,La1.7.1
ERR3276025,La1.7.1,1.10E+42,La,La1,La1.7,La1.7.1,La1.7.1,La1.7.1
ERR3275563,La1.7.1,1.10E+42,La,La1,La1.7,La1.7.1,La1.7.1,La1.7.1
ERR3275892,La1.7.1,1.10E+42,La,La1,La1.7,La1.7.1,La1.7.1,La1.7.1
ERR3275979,La1.7.1,1.10E+42,La,La1,La1.7,La1.7.1,La1.7.1,La1.7.1
ERR3275231,La1.7.1,1.10E+42,La,La1,La1.7,La1.7.1,La1.7.1,La1.7.1
ERR3275977,La1.7.1,1.10E+42,La,La1,La1.7,La1.7.1,La1.7.1,La1.7.1
ERR3275601,La1.7.1,1.10E+42,La,La1,La1.7,La1.7.1,La1.7.1,La1.7.1
ERR3275473,La1.7.1,1.10E+42,La,La1,La1.7,La1.7.1,La1.7.1,La1.7.1
ERR3275793,La1.7.1,1.00E+42,La,La1,La1.7,La1.7.1,La1.7.1,La1.7.1
ERR3275288,La1.7.1,1.10E+42,La,La1,La1.7,La1.7.1,La1.7.1,La1.7.1
ERR3275485,La1.7.1,1.10E+42,La,La1,La1.7,La1.7.1,La1.7.1,La1.7.1
ERR3275571,La1.7.1,1.10E+42,La,La1,La1.7,La1.7.1,La1.7.1,La1.7.1
ERR3275651,La1.7.1,1.10E+42,La,La1,La1.7,La1.7.1,La1.7.1,La1.7.1
ERR2851361,La1.7.1,1.10E+42,La,La1,La1.7,La1.7.1,La1.7.1,La1.7.1
ERR2516207,La1.7.1,1.10E+42,La,La1,La1.7,La1.7.1,La1.7.1,La1.7.1
ERR2516335,La1.7.1,1.10E+42,La,La1,La1.7,La1.7.1,La1.7.1,La1.7.1
ERR2199797,La1.7.1,1.10E+42,La,La1,La1.7,La1.7.1,La1.7.1,La1.7.1
ERR2516453,La1.7.1,1.10E+42,La,La1,La1.7,La1.7.1,La1.7.1,La1.7.1
ERR2516545,La1.7.1,1.10E+42,La,La1,La1.7,La1.7.1,La1.7.1,La1.7.1
ERR2517408,La1.7.1,1.10E+42,La,La1,La1.7,La1.7.1,La1.7.1,La1.7.1
ERR2517616,La1.7.1,1.10E+42,La,La1,La1.7,La1.7.1,La1.7.1,La1.7.1
ERR2517518,La1.7.1,1.10E+42,La,La1,La1.7,La1.7.1,La1.7.1,La1.7.1
ERR2517443,La1.7.1,1.10E+42,La,La1,La1.7,La1.7.1,La1.7.1,La1.7.1
ERR2517349,La1.7.1,1.10E+42,La,La1,La1.7,La1.7.1,La1.7.1,La1.7.1
ERR2517523,La1.7.1,1.10E+42,La,La1,La1.7,La1.7.1,La1.7.1,La1.7.1
ERR2517227,La1.7.1,1.10E+42,La,La1,La1.7,La1.7.1,La1.7.1,La1.7.1
ERR2515455,La1.7.1,1.10E+42,La,La1,La1.7,La1.7.1,La1.7.1,La1.7.1
SRR5657358,La1.7.1,1.10E+42,La,La1,La1.7,La1.7.1,La1.7.1,La1.7.1
SRR5657512,La1.7.1,1.00E+42,La,La1,La1.7,La1.7.1,La1.7.1,La1.7.1
SRR5657359,La1.7.1,1.10E+42,La,La1,La1.7,La1.7.1,La1.7.1,La1.7.1
SRR5657513,La1.7.1,1.10E+42,La,La1,La1.7,La1.7.1,La1.7.1,La1.7.1
ERR2446335,La1.7.1,1.10E+42,La,La1,La1.7,La1.7.1,La1.7.1,La1.7.1
ERR2446287,La1.7.1,1.10E+42,La,La1,La1.7,La1.7.1,La1.7.1,La1.7.1
ERR2446226,La1.7.1,1.10E+42,La,La1,La1.7,La1.7.1,La1.7.1,La1.7.1
ERR2446533,La1.7.1,1.10E+42,La,La1,La1.7,La1.7.1,La1.7.1,La1.7.1
ERR2446363,La1.7.1,1.10E+42,La,La1,La1.7,La1.7.1,La1.7.1,La1.7.1
ERR2446271,La1.7.1,1.10E+42,La,La1,La1.7,La1.7.1,La1.7.1,La1.7.1
ERR2446159,La1.7.1,1.10E+42,La,La1,La1.7,La1.7.1,La1.7.1,La1.7.1
ERR2446394,La1.7.1,1.10E+42,La,La1,La1.7,La1.7.1,La1.7.1,La1.7.1
ERR2446237,La1.7.1,1.10E+42,La,La1,La1.7,La1.7.1,La1.7.1,La1.7.1
ERR551917,La1.7.X-unk4,1.10E+42,La,La1,La1.7,La1.7.X-unk4,La1.7.X-unk4,La1.7.X-unk4
SAMEA2533447,La1.7.X-unk4,1.10E+42,La,La1,La1.7,La1.7.X-unk4,La1.7.X-unk4,La1.7.X-unk4
ERR551191,La1.7.X-unk4,1.10E+42,La,La1,La1.7,La1.7.X-unk4,La1.7.X-unk4,La1.7.X-unk4
ERR551009,La1.7.X-unk4,1.10E+42,La,La1,La1.7,La1.7.X-unk4,La1.7.X-unk4,La1.7.X-unk4
ERR3276208,La1.7.X-unk4,1.10E+42,La,La1,La1.7,La1.7.X-unk4,La1.7.X-unk4,La1.7.X-unk4
ERR2512839,La1.7.X-unk5,1.10E+42,La,La1,La1.7,La1.7.X-unk4,La1.7.X-unk4,La1.7.X-unk4
ERR046747,La1.8.1,1.10E+42,La,La1,La1.8,La1.8.1,La1.8.1,La1.8.1
ERR046748,La1.8.1,1.10E+42,La,La1,La1.8,La1.8.1,La1.8.1,La1.8.1
ERR046749,La1.8.1,1.10E+42,La,La1,La1.8,La1.8.1,La1.8.1,La1.8.1
SRR2100072,La1.8.1,1.10E+42,La,La1,La1.8,La1.8.1,La1.8.1,La1.8.1
SRR2100074,La1.8.1,1.10E+42,La,La1,La1.8,La1.8.1,La1.8.1,La1.8.1
ERR046954,La1.8.1,1.10E+42,La,La1,La1.8,La1.8.1,La1.8.1,La1.8.1
ERR046961,La1.8.1,1.10E+42,La,La1,La1.8,La1.8.1,La1.8.1,La1.8.1
ERR046989,La1.8.1,1.10E+42,La,La1,La1.8,La1.8.1,La1.8.1,La1.8.1
ERR400386,La1.8.1,1.10E+42,La,La1,La1.8,La1.8.1,La1.8.1,La1.8.1
ERR400460,La1.8.1,1.10E+42,La,La1,La1.8,La1.8.1,La1.8.1,La1.8.1
ERR751369,La1.8.1,1.10E+42,La,La1,La1.8,La1.8.1,La1.8.1,La1.8.1
ERR2512570,La1.8.1,1.10E+42,La,La1,La1.8,La1.8.1,La1.8.1,La1.8.1
ERR2512647,La1.8.1,1.10E+42,La,La1,La1.8,La1.8.1,La1.8.1,La1.8.1
ERR2512732,La1.8.1,1.10E+42,La,La1,La1.8,La1.8.1,La1.8.1,La1.8.1
ERR2512755,La1.8.1,1.10E+42,La,La1,La1.8,La1.8.1,La1.8.1,La1.8.1
ERR2512838,La1.8.1,1.10E+42,La,La1,La1.8,La1.8.1,La1.8.1,La1.8.1
SRR6045806,La1.8.1,1.10E+42,La,La1,La1.8,La1.8.1,La1.8.1,La1.8.1
ERR2512921,La1.8.1,1.10E+42,La,La1,La1.8,La1.8.1,La1.8.1,La1.8.1
ERR2512931,La1.8.1,1.10E+42,La,La1,La1.8,La1.8.1,La1.8.1,La1.8.1
ERR2512954,La1.8.1,1.10E+42,La,La1,La1.8,La1.8.1,La1.8.1,La1.8.1
ERR2512956,La1.8.1,1.10E+42,La,La1,La1.8,La1.8.1,La1.8.1,La1.8.1
ERR2512962,La1.8.1,1.10E+42,La,La1,La1.8,La1.8.1,La1.8.1,La1.8.1
ERR2513034,La1.8.1,1.10E+42,La,La1,La1.8,La1.8.1,La1.8.1,La1.8.1
ERR2513194,La1.8.1,1.10E+42,La,La1,La1.8,La1.8.1,La1.8.1,La1.8.1
ERR2513428,La1.8.1,1.10E+42,La,La1,La1.8,La1.8.1,La1.8.1,La1.8.1
SRR6045019,La1.8.1,1.10E+42,La,La1,La1.8,La1.8.1,La1.8.1,La1.8.1
SRR6046252,La1.8.1,1.10E+42,La,La1,La1.8,La1.8.1,La1.8.1,La1.8.1
ERR2513811,La1.8.1,1.10E+42,La,La1,La1.8,La1.8.1,La1.8.1,La1.8.1
ERR2514087,La1.8.1,1.10E+42,La,La1,La1.8,La1.8.1,La1.8.1,La1.8.1
ERR2514144,La1.8.1,1.01E+41,La,La1,La1.8,La1.8.1,La1.8.1,La1.8.1
ERR2514191,La1.8.1,1.10E+42,La,La1,La1.8,La1.8.1,La1.8.1,La1.8.1
SRR6045214,La1.8.1,1.10E+42,La,La1,La1.8,La1.8.1,La1.8.1,La1.8.1
ERR2514285,La1.8.1,1.10E+42,La,La1,La1.8,La1.8.1,La1.8.1,La1.8.1
SRR6045235,La1.8.1,1.10E+42,La,La1,La1.8,La1.8.1,La1.8.1,La1.8.1
ERR2514545,La1.8.1,1.10E+42,La,La1,La1.8,La1.8.1,La1.8.1,La1.8.1
ERR2514583,La1.8.1,1.10E+42,La,La1,La1.8,La1.8.1,La1.8.1,La1.8.1
SRR6045827,La1.8.1,1.10E+42,La,La1,La1.8,La1.8.1,La1.8.1,La1.8.1
ERR2514837,La1.8.1,1.10E+42,La,La1,La1.8,La1.8.1,La1.8.1,La1.8.1
ERR2514955,La1.8.1,1.10E+42,La,La1,La1.8,La1.8.1,La1.8.1,La1.8.1
ERR2514979,La1.8.1,1.10E+42,La,La1,La1.8,La1.8.1,La1.8.1,La1.8.1
SRR5657436,La1.8.1,1.10E+42,La,La1,La1.8,La1.8.1,La1.8.1,La1.8.1
SRR5657453,La1.8.1,1.10E+42,La,La1,La1.8,La1.8.1,La1.8.1,La1.8.1
SRR5657489,La1.8.1,1.10E+42,La,La1,La1.8,La1.8.1,La1.8.1,La1.8.1
SRR5657461,La1.8.1,1.10E+42,La,La1,La1.8,La1.8.1,La1.8.1,La1.8.1
SRR5657366,La1.8.1,1.10E+42,La,La1,La1.8,La1.8.1,La1.8.1,La1.8.1
SRR5657410,La1.8.1,1.10E+42,La,La1,La1.8,La1.8.1,La1.8.1,La1.8.1
SRR5657374,La1.8.1,1.10E+42,La,La1,La1.8,La1.8.1,La1.8.1,La1.8.1
SRR5657499,La1.8.1,1.10E+42,La,La1,La1.8,La1.8.1,La1.8.1,La1.8.1
SRR5657487,La1.8.1,1.10E+42,La,La1,La1.8,La1.8.1,La1.8.1,La1.8.1
SRR5657517,La1.8.1,1.10E+42,La,La1,La1.8,La1.8.1,La1.8.1,La1.8.1
SRR5657431,La1.8.1,1.10E+42,La,La1,La1.8,La1.8.1,La1.8.1,La1.8.1
SRR5657469,La1.8.1,1.10E+42,La,La1,La1.8,La1.8.1,La1.8.1,La1.8.1
SRR5657407,La1.8.1,1.10E+42,La,La1,La1.8,La1.8.1,La1.8.1,La1.8.1
SRR5657398,La1.8.1,1.10E+42,La,La1,La1.8,La1.8.1,La1.8.1,La1.8.1
SRR5657443,La1.8.1,1.10E+42,La,La1,La1.8,La1.8.1,La1.8.1,La1.8.1
SRR5657389,La1.8.1,1.10E+42,La,La1,La1.8,La1.8.1,La1.8.1,La1.8.1
SRR5657511,La1.8.1,1.10E+42,La,La1,La1.8,La1.8.1,La1.8.1,La1.8.1
SRR5657494,La1.8.1,1.10E+42,La,La1,La1.8,La1.8.1,La1.8.1,La1.8.1
SRR5657500,La1.8.1,1.10E+42,La,La1,La1.8,La1.8.1,La1.8.1,La1.8.1
SRR5657502,La1.8.1,1.10E+42,La,La1,La1.8,La1.8.1,La1.8.1,La1.8.1
SRR5657459,La1.8.1,1.10E+42,La,La1,La1.8,La1.8.1,La1.8.1,La1.8.1
SRR5657413,La1.8.1,1.10E+42,La,La1,La1.8,La1.8.1,La1.8.1,La1.8.1
SRR5657437,La1.8.1,1.10E+42,La,La1,La1.8,La1.8.1,La1.8.1,La1.8.1
SRR5657375,La1.8.1,1.10E+42,La,La1,La1.8,La1.8.1,La1.8.1,La1.8.1
SRR5657483,La1.8.1,1.10E+42,La,La1,La1.8,La1.8.1,La1.8.1,La1.8.1
SRR5657427,La1.8.1,1.10E+42,La,La1,La1.8,La1.8.1,La1.8.1,La1.8.1
SRR5657456,La1.8.1,1.10E+42,La,La1,La1.8,La1.8.1,La1.8.1,La1.8.1
SRR5657363,La1.8.1,1.10E+42,La,La1,La1.8,La1.8.1,La1.8.1,La1.8.1
SRR5657445,La1.8.1,1.10E+42,La,La1,La1.8,La1.8.1,La1.8.1,La1.8.1
SRR5657467,La1.8.1,1.10E+42,La,La1,La1.8,La1.8.1,La1.8.1,La1.8.1
SRR5657451,La1.8.1,1.10E+42,La,La1,La1.8,La1.8.1,La1.8.1,La1.8.1
SRR5657381,La1.8.1,1.10E+42,La,La1,La1.8,La1.8.1,La1.8.1,La1.8.1
SRR5657475,La1.8.1,1.10E+42,La,La1,La1.8,La1.8.1,La1.8.1,La1.8.1
SRR5657521,La1.8.1,1.10E+42,La,La1,La1.8,La1.8.1,La1.8.1,La1.8.1
SRR5657428,La1.8.1,1.10E+42,La,La1,La1.8,La1.8.1,La1.8.1,La1.8.1
SRR5657409,La1.8.1,1.10E+42,La,La1,La1.8,La1.8.1,La1.8.1,La1.8.1
SRR5657423,La1.8.1,1.10E+42,La,La1,La1.8,La1.8.1,La1.8.1,La1.8.1
SRR5657390,La1.8.1,1.10E+42,La,La1,La1.8,La1.8.1,La1.8.1,La1.8.1
SRR5657382,La1.8.1,1.10E+42,La,La1,La1.8,La1.8.1,La1.8.1,La1.8.1
SRR5657477,La1.8.1,1.10E+42,La,La1,La1.8,La1.8.1,La1.8.1,La1.8.1
SRR5657490,La1.8.1,1.10E+42,La,La1,La1.8,La1.8.1,La1.8.1,La1.8.1
SRR5657392,La1.8.1,1.10E+42,La,La1,La1.8,La1.8.1,La1.8.1,La1.8.1
SRR5657526,La1.8.1,1.10E+42,La,La1,La1.8,La1.8.1,La1.8.1,La1.8.1
SRR5657402,La1.8.1,1.10E+42,La,La1,La1.8,La1.8.1,La1.8.1,La1.8.1
SRR5657529,La1.8.1,1.10E+42,La,La1,La1.8,La1.8.1,La1.8.1,La1.8.1
SRR5657462,La1.8.1,1.10E+42,La,La1,La1.8,La1.8.1,La1.8.1,La1.8.1
SRR5657524,La1.8.1,1.10E+42,La,La1,La1.8,La1.8.1,La1.8.1,La1.8.1
SRR5657371,La1.8.1,1.10E+42,La,La1,La1.8,La1.8.1,La1.8.1,La1.8.1
SRR5657385,La1.8.1,1.10E+42,La,La1,La1.8,La1.8.1,La1.8.1,La1.8.1
SRR5657414,La1.8.1,1.10E+42,La,La1,La1.8,La1.8.1,La1.8.1,La1.8.1
SRR5657455,La1.8.1,1.10E+42,La,La1,La1.8,La1.8.1,La1.8.1,La1.8.1
SRR5657485,La1.8.1,1.10E+42,La,La1,La1.8,La1.8.1,La1.8.1,La1.8.1
SRR5657367,La1.8.1,1.10E+42,La,La1,La1.8,La1.8.1,La1.8.1,La1.8.1
SRR5657376,La1.8.1,1.10E+42,La,La1,La1.8,La1.8.1,La1.8.1,La1.8.1
SRR5657522,La1.8.1,1.10E+42,La,La1,La1.8,La1.8.1,La1.8.1,La1.8.1
SRR5657401,La1.8.1,1.10E+42,La,La1,La1.8,La1.8.1,La1.8.1,La1.8.1
SRR5657491,La1.8.1,1.11E+18,La,La1,La1.8,La1.8.1,La1.8.1,La1.8.1
SRR5657370,La1.8.1,1.10E+42,La,La1,La1.8,La1.8.1,La1.8.1,La1.8.1
SRR5657373,La1.8.1,1.10E+42,La,La1,La1.8,La1.8.1,La1.8.1,La1.8.1
SRR5657404,La1.8.1,1.10E+42,La,La1,La1.8,La1.8.1,La1.8.1,La1.8.1
SRR5657493,La1.8.1,1.10E+42,La,La1,La1.8,La1.8.1,La1.8.1,La1.8.1
SRR5657506,La1.8.1,1.10E+42,La,La1,La1.8,La1.8.1,La1.8.1,La1.8.1
SRR5657464,La1.8.1,1.10E+42,La,La1,La1.8,La1.8.1,La1.8.1,La1.8.1
SRR5657449,La1.8.1,1.10E+42,La,La1,La1.8,La1.8.1,La1.8.1,La1.8.1
SRR5657481,La1.8.1,1.10E+42,La,La1,La1.8,La1.8.1,La1.8.1,La1.8.1
SRR5657473,La1.8.1,1.10E+42,La,La1,La1.8,La1.8.1,La1.8.1,La1.8.1
SRR5657386,La1.8.1,1.10E+42,La,La1,La1.8,La1.8.1,La1.8.1,La1.8.1
SRR5657460,La1.8.1,1.10E+42,La,La1,La1.8,La1.8.1,La1.8.1,La1.8.1
SRR5657394,La1.8.1,1.10E+42,La,La1,La1.8,La1.8.1,La1.8.1,La1.8.1
SRR5657377,La1.8.1,1.10E+42,La,La1,La1.8,La1.8.1,La1.8.1,La1.8.1
SRR5657523,La1.8.1,1.10E+42,La,La1,La1.8,La1.8.1,La1.8.1,La1.8.1
SRR5657411,La1.8.1,1.10E+42,La,La1,La1.8,La1.8.1,La1.8.1,La1.8.1
SRR5657435,La1.8.1,1.10E+42,La,La1,La1.8,La1.8.1,La1.8.1,La1.8.1
SRR5657439,La1.8.1,1.10E+42,La,La1,La1.8,La1.8.1,La1.8.1,La1.8.1
SRR5657508,La1.8.1,1.10E+42,La,La1,La1.8,La1.8.1,La1.8.1,La1.8.1
SRR5657463,La1.8.1,1.10E+42,La,La1,La1.8,La1.8.1,La1.8.1,La1.8.1
SRR5657480,La1.8.1,1.10E+42,La,La1,La1.8,La1.8.1,La1.8.1,La1.8.1
SRR5657470,La1.8.1,1.10E+42,La,La1,La1.8,La1.8.1,La1.8.1,La1.8.1
SRR5657397,La1.8.1,1.10E+42,La,La1,La1.8,La1.8.1,La1.8.1,La1.8.1
SRR5657452,La1.8.1,1.10E+42,La,La1,La1.8,La1.8.1,La1.8.1,La1.8.1
SRR5657365,La1.8.1,1.10E+42,La,La1,La1.8,La1.8.1,La1.8.1,La1.8.1
SRR5657482,La1.8.1,1.10E+42,La,La1,La1.8,La1.8.1,La1.8.1,La1.8.1
SRR5657492,La1.8.1,1.10E+42,La,La1,La1.8,La1.8.1,La1.8.1,La1.8.1
SRR5657387,La1.8.1,1.10E+42,La,La1,La1.8,La1.8.1,La1.8.1,La1.8.1
SRR5657474,La1.8.1,1.10E+42,La,La1,La1.8,La1.8.1,La1.8.1,La1.8.1
SRR5657476,La1.8.1,1.10E+42,La,La1,La1.8,La1.8.1,La1.8.1,La1.8.1
SRR5657422,La1.8.1,1.10E+42,La,La1,La1.8,La1.8.1,La1.8.1,La1.8.1
SRR5657388,La1.8.1,1.10E+42,La,La1,La1.8,La1.8.1,La1.8.1,La1.8.1
SRR5657380,La1.8.1,1.10E+42,La,La1,La1.8,La1.8.1,La1.8.1,La1.8.1
SRR5657417,La1.8.1,1.10E+42,La,La1,La1.8,La1.8.1,La1.8.1,La1.8.1
SRR5657360,La1.8.1,1.10E+42,La,La1,La1.8,La1.8.1,La1.8.1,La1.8.1
SRR5657416,La1.8.1,1.10E+42,La,La1,La1.8,La1.8.1,La1.8.1,La1.8.1
SRR5657419,La1.8.1,1.10E+42,La,La1,La1.8,La1.8.1,La1.8.1,La1.8.1
SRR5657519,La1.8.1,1.10E+42,La,La1,La1.8,La1.8.1,La1.8.1,La1.8.1
SRR5657484,La1.8.1,1.10E+42,La,La1,La1.8,La1.8.1,La1.8.1,La1.8.1
SRR5657450,La1.8.1,1.10E+42,La,La1,La1.8,La1.8.1,La1.8.1,La1.8.1
SRR5657520,La1.8.1,1.10E+42,La,La1,La1.8,La1.8.1,La1.8.1,La1.8.1
SRR5657458,La1.8.1,1.10E+42,La,La1,La1.8,La1.8.1,La1.8.1,La1.8.1
SRR5657514,La1.8.1,1.10E+42,La,La1,La1.8,La1.8.1,La1.8.1,La1.8.1
SRR5657448,La1.8.1,1.10E+42,La,La1,La1.8,La1.8.1,La1.8.1,La1.8.1
SRR5657420,La1.8.1,1.10E+42,La,La1,La1.8,La1.8.1,La1.8.1,La1.8.1
SRR5657509,La1.8.1,1.10E+42,La,La1,La1.8,La1.8.1,La1.8.1,La1.8.1
SRR5657433,La1.8.1,1.10E+42,La,La1,La1.8,La1.8.1,La1.8.1,La1.8.1
SRR5657418,La1.8.1,1.01E+41,La,La1,La1.8,La1.8.1,La1.8.1,La1.8.1
SRR5657399,La1.8.1,1.10E+42,La,La1,La1.8,La1.8.1,La1.8.1,La1.8.1
SRR5657472,La1.8.1,1.10E+42,La,La1,La1.8,La1.8.1,La1.8.1,La1.8.1
SRR5657507,La1.8.1,1.10E+42,La,La1,La1.8,La1.8.1,La1.8.1,La1.8.1
SRR5657391,La1.8.1,1.10E+42,La,La1,La1.8,La1.8.1,La1.8.1,La1.8.1
SRR5657403,La1.8.1,1.10E+42,La,La1,La1.8,La1.8.1,La1.8.1,La1.8.1
SRR5657457,La1.8.1,1.10E+42,La,La1,La1.8,La1.8.1,La1.8.1,La1.8.1
SRR5657393,La1.8.1,1.10E+42,La,La1,La1.8,La1.8.1,La1.8.1,La1.8.1
SRR5657510,La1.8.1,1.10E+42,La,La1,La1.8,La1.8.1,La1.8.1,La1.8.1
SRR5657447,La1.8.1,1.10E+42,La,La1,La1.8,La1.8.1,La1.8.1,La1.8.1
SRR5657466,La1.8.1,1.10E+42,La,La1,La1.8,La1.8.1,La1.8.1,La1.8.1
SRR5657495,La1.8.1,1.11E+18,La,La1,La1.8,La1.8.1,La1.8.1,La1.8.1
SRR5657488,La1.8.1,1.11E+18,La,La1,La1.8,La1.8.1,La1.8.1,La1.8.1
SRR5657496,La1.8.1,1.10E+42,La,La1,La1.8,La1.8.1,La1.8.1,La1.8.1
SRR5657497,La1.8.1,1.10E+42,La,La1,La1.8,La1.8.1,La1.8.1,La1.8.1
SRR5657429,La1.8.1,1.10E+42,La,La1,La1.8,La1.8.1,La1.8.1,La1.8.1
SRR5657498,La1.8.1,1.10E+42,La,La1,La1.8,La1.8.1,La1.8.1,La1.8.1
SRR5657405,La1.8.1,1.10E+42,La,La1,La1.8,La1.8.1,La1.8.1,La1.8.1
SRR5657432,La1.8.1,1.10E+42,La,La1,La1.8,La1.8.1,La1.8.1,La1.8.1
SRR5657412,La1.8.1,1.10E+42,La,La1,La1.8,La1.8.1,La1.8.1,La1.8.1
SRR5657383,La1.8.1,1.10E+42,La,La1,La1.8,La1.8.1,La1.8.1,La1.8.1
SRR5657501,La1.8.1,1.10E+42,La,La1,La1.8,La1.8.1,La1.8.1,La1.8.1
SRR5657504,La1.8.1,1.10E+42,La,La1,La1.8,La1.8.1,La1.8.1,La1.8.1
SRR5657400,La1.8.1,1.10E+42,La,La1,La1.8,La1.8.1,La1.8.1,La1.8.1
SRR5657471,La1.8.1,1.10E+42,La,La1,La1.8,La1.8.1,La1.8.1,La1.8.1
SRR5657379,La1.8.1,1.10E+42,La,La1,La1.8,La1.8.1,La1.8.1,La1.8.1
SRR5657369,La1.8.1,1.10E+42,La,La1,La1.8,La1.8.1,La1.8.1,La1.8.1
SRR5657361,La1.8.1,1.10E+42,La,La1,La1.8,La1.8.1,La1.8.1,La1.8.1
SRR5657486,La1.8.1,1.10E+42,La,La1,La1.8,La1.8.1,La1.8.1,La1.8.1
SRR5657430,La1.8.1,1.10E+42,La,La1,La1.8,La1.8.1,La1.8.1,La1.8.1
SRR5657421,La1.8.1,1.10E+42,La,La1,La1.8,La1.8.1,La1.8.1,La1.8.1
SRR5657525,La1.8.1,1.10E+42,La,La1,La1.8,La1.8.1,La1.8.1,La1.8.1
SRR5657518,La1.8.1,1.10E+42,La,La1,La1.8,La1.8.1,La1.8.1,La1.8.1
SRR5657454,La1.8.1,1.10E+42,La,La1,La1.8,La1.8.1,La1.8.1,La1.8.1
SRR5657478,La1.8.1,1.10E+42,La,La1,La1.8,La1.8.1,La1.8.1,La1.8.1
SRR5657479,La1.8.1,1.10E+42,La,La1,La1.8,La1.8.1,La1.8.1,La1.8.1
SRR5657415,La1.8.1,1.10E+42,La,La1,La1.8,La1.8.1,La1.8.1,La1.8.1
SRR5657396,La1.8.1,1.10E+42,La,La1,La1.8,La1.8.1,La1.8.1,La1.8.1
SRR5657372,La1.8.1,1.10E+42,La,La1,La1.8,La1.8.1,La1.8.1,La1.8.1
SRR5657426,La1.8.1,1.10E+42,La,La1,La1.8,La1.8.1,La1.8.1,La1.8.1
SRR5657368,La1.8.1,1.10E+42,La,La1,La1.8,La1.8.1,La1.8.1,La1.8.1
SRR5657378,La1.8.1,1.10E+42,La,La1,La1.8,La1.8.1,La1.8.1,La1.8.1
SRR5657384,La1.8.1,1.10E+42,La,La1,La1.8,La1.8.1,La1.8.1,La1.8.1
SRR5657395,La1.8.1,1.10E+42,La,La1,La1.8,La1.8.1,La1.8.1,La1.8.1
SRR5657406,La1.8.1,1.10E+42,La,La1,La1.8,La1.8.1,La1.8.1,La1.8.1
SRR5657408,La1.8.1,1.10E+42,La,La1,La1.8,La1.8.1,La1.8.1,La1.8.1
SRR5657425,La1.8.1,1.10E+42,La,La1,La1.8,La1.8.1,La1.8.1,La1.8.1
SRR5657438,La1.8.1,1.10E+42,La,La1,La1.8,La1.8.1,La1.8.1,La1.8.1
SRR5657505,La1.8.1,1.10E+42,La,La1,La1.8,La1.8.1,La1.8.1,La1.8.1
SRR5657527,La1.8.1,1.10E+42,La,La1,La1.8,La1.8.1,La1.8.1,La1.8.1
SRR2101351,La1.8.1,1.10E+42,La,La1,La1.8,La1.8.1,La1.8.1,La1.8.1
ERR125598,La1.8.1,1.10E+42,La,La1,La1.8,La1.8.1,La1.8.1,La1.8.1
ERR125599,La1.8.1,1.10E+42,La,La1,La1.8,La1.8.1,La1.8.1,La1.8.1
ERR125600,La1.8.1,1.10E+42,La,La1,La1.8,La1.8.1,La1.8.1,La1.8.1
ERR125601,La1.8.1,1.10E+42,La,La1,La1.8,La1.8.1,La1.8.1,La1.8.1
ERR125602,La1.8.1,1.10E+42,La,La1,La1.8,La1.8.1,La1.8.1,La1.8.1
ERR125603,La1.8.1,1.10E+42,La,La1,La1.8,La1.8.1,La1.8.1,La1.8.1
ERR125604,La1.8.1,1.10E+42,La,La1,La1.8,La1.8.1,La1.8.1,La1.8.1
ERR125605,La1.8.1,1.10E+42,La,La1,La1.8,La1.8.1,La1.8.1,La1.8.1
ERR125606,La1.8.1,1.10E+42,La,La1,La1.8,La1.8.1,La1.8.1,La1.8.1
ERR125607,La1.8.1,1.10E+42,La,La1,La1.8,La1.8.1,La1.8.1,La1.8.1
ERR125608,La1.8.1,1.10E+42,La,La1,La1.8,La1.8.1,La1.8.1,La1.8.1
ERR125609,La1.8.1,1.10E+42,La,La1,La1.8,La1.8.1,La1.8.1,La1.8.1
ERR125610,La1.8.1,1.10E+42,La,La1,La1.8,La1.8.1,La1.8.1,La1.8.1
ERR125611,La1.8.1,1.10E+42,La,La1,La1.8,La1.8.1,La1.8.1,La1.8.1
ERR125612,La1.8.1,1.10E+42,La,La1,La1.8,La1.8.1,La1.8.1,La1.8.1
ERR125613,La1.8.1,1.10E+42,La,La1,La1.8,La1.8.1,La1.8.1,La1.8.1
ERR125614,La1.8.1,1.10E+42,La,La1,La1.8,La1.8.1,La1.8.1,La1.8.1
ERR125615,La1.8.1,1.10E+42,La,La1,La1.8,La1.8.1,La1.8.1,La1.8.1
ERR125616,La1.8.1,1.10E+42,La,La1,La1.8,La1.8.1,La1.8.1,La1.8.1
ERR125617,La1.8.1,1.10E+42,La,La1,La1.8,La1.8.1,La1.8.1,La1.8.1
ERR125618,La1.8.1,1.10E+42,La,La1,La1.8,La1.8.1,La1.8.1,La1.8.1
ERR125619,La1.8.1,1.10E+42,La,La1,La1.8,La1.8.1,La1.8.1,La1.8.1
ERR125620,La1.8.1,1.10E+42,La,La1,La1.8,La1.8.1,La1.8.1,La1.8.1
ERR125621,La1.8.1,1.10E+42,La,La1,La1.8,La1.8.1,La1.8.1,La1.8.1
ERR125622,La1.8.1,1.10E+42,La,La1,La1.8,La1.8.1,La1.8.1,La1.8.1
ERR125623,La1.8.1,1.10E+42,La,La1,La1.8,La1.8.1,La1.8.1,La1.8.1
ERR125624,La1.8.1,1.10E+42,La,La1,La1.8,La1.8.1,La1.8.1,La1.8.1
ERR125625,La1.8.1,1.10E+42,La,La1,La1.8,La1.8.1,La1.8.1,La1.8.1
ERR125626,La1.8.1,1.10E+42,La,La1,La1.8,La1.8.1,La1.8.1,La1.8.1
ERR125627,La1.8.1,1.10E+42,La,La1,La1.8,La1.8.1,La1.8.1,La1.8.1
ERR125628,La1.8.1,1.10E+42,La,La1,La1.8,La1.8.1,La1.8.1,La1.8.1
ERR2512675,La1.8.2,1.10E+42,La,La1,La1.8,La1.8.2,La1.8.2,La1.8.2
SRR6044919,La1.8.2,1.10E+42,La,La1,La1.8,La1.8.2,La1.8.2,La1.8.2
ERR2516262,La1.8.2,1.10E+42,La,La1,La1.8,La1.8.2,La1.8.2,La1.8.2
ERR3275606,La2,1.00E+41,La,La2,La2,La2,La2,La2
ERR551706,La2,1.00E+41,La,La2,La2,La2,La2,La2
ERR551023,La2,1.00E+41,La,La2,La2,La2,La2,La2
ERR552526,La2,1.00E+41,La,La2,La2,La2,La2,La2
ERR751397,La2,1.00E+41,La,La2,La2,La2,La2,La2
ERR751371,La2,1.00E+41,La,La2,La2,La2,La2,La2
ERR2517345,La2,1.00E+41,La,La2,La2,La2,La2,La2
ERR2510183,La2,1.00E+41,La,La2,La2,La2,La2,La2
ERR2510206,La2,1.00E+41,La,La2,La2,La2,La2,La2
ERR2446307,La2,1.00E+41,La,La2,La2,La2,La2,La2
SRR2100577,La3,1.10E+42,La,La3,La3,La3,La3,La3
SRR2101161,La3,1.10E+42,La,La3,La3,La3,La3,La3
SRR2101222,La3,1.10E+42,La,La3,La3,La3,La3,La3
ERR3276253,La3,1.10E+42,La,La3,La3,La3,La3,La3
ERR3275607,La3,1.10E+42,La,La3,La3,La3,La3,La3
SRR3675498,La3,1.00E+18,La,La3,La3,La3,La3,La3
SRR6045015,La3,1.10E+42,La,La3,La3,La3,La3,La3
ERR2512389,La3,1.10E+42,La,La3,La3,La3,La3,La3
ERR2512859,La3,1.10E+42,La,La3,La3,La3,La3,La3
SRR6044858,La3,1.10E+42,La,La3,La3,La3,La3,La3
SRR6046695,La3,1.10E+42,La,La3,La3,La3,La3,La3
ERR2513195,La3,1.10E+42,La,La3,La3,La3,La3,La3
SRR6045425,La3,1.10E+42,La,La3,La3,La3,La3,La3
ERR2513625,La3,1.10E+42,La,La3,La3,La3,La3,La3
ERR2513671,La3,1.10E+42,La,La3,La3,La3,La3,La3
ERR2514172,La3,1.10E+42,La,La3,La3,La3,La3,La3
SRR6045962,La3,1.10E+42,La,La3,La3,La3,La3,La3
SRR6044939,La3,1.10E+42,La,La3,La3,La3,La3,La3
SRR6045301,La3,1.10E+42,La,La3,La3,La3,La3,La3
ERR2514578,La3,1.10E+42,La,La3,La3,La3,La3,La3
SRR6046725,La3,1.10E+42,La,La3,La3,La3,La3,La3
ERR2514957,La3,1.10E+42,La,La3,La3,La3,La3,La3
SRR6046235,La3,1.10E+42,La,La3,La3,La3,La3,La3
ERR2512533,La3,1.10E+42,La,La3,La3,La3,La3,La3
ERR2199741,La3,1.10E+42,La,La3,La3,La3,La3,La3
ERR2199829,La3,1.10E+42,La,La3,La3,La3,La3,La3
ERR2200114,La3,1.10E+42,La,La3,La3,La3,La3,La3
ERR2517102,La3,1.10E+42,La,La3,La3,La3,La3,La3
ERR2517593,La3,1.10E+42,La,La3,La3,La3,La3,La3
ERR2446279,La3,1.10E+42,La,La3,La3,La3,La3,La3
SRR2101291,La3,1.10E+42,La,La3,La3,La3,La3,La3
SRR2101329,La3,1.10E+42,La,La3,La3,La3,La3,La3